x-axis,1
second,Volt
-50.0000E-06,+4.6718750000E+00
-49.9000E-06,+4.5664062500E+00
-49.8000E-06,+4.4609375000E+00
-49.7000E-06,+4.3398437500E+00
-49.6000E-06,+4.2148437500E+00
-49.5000E-06,+4.0898437500E+00
-49.4000E-06,+3.9492187500E+00
-49.3000E-06,+3.7968750000E+00
-49.2000E-06,+3.6445312500E+00
-49.1000E-06,+3.5000000000E+00
-49.0000E-06,+3.3281250000E+00
-48.9000E-06,+3.1796875000E+00
-48.8000E-06,+3.0195312500E+00
-48.7000E-06,+2.8359375000E+00
-48.6000E-06,+2.6484375000E+00
-48.5000E-06,+2.4765625000E+00
-48.4000E-06,+2.2851562500E+00
-48.3000E-06,+2.0976562500E+00
-48.2000E-06,+1.8906250000E+00
-48.1000E-06,+1.6835937500E+00
-48.0000E-06,+1.4804687500E+00
-47.9000E-06,+1.2812500000E+00
-47.8000E-06,+1.0781250000E+00
-47.7000E-06,+867.1875000E-03
-47.6000E-06,+656.2500000E-03
-47.5000E-06,+437.5000000E-03
-47.4000E-06,+226.5625000E-03
-47.3000E-06,+27.3437500E-03
-47.2000E-06,-195.3125000E-03
-47.1000E-06,-398.4375000E-03
-47.0000E-06,-613.2812500E-03
-46.9000E-06,-824.2187500E-03
-46.8000E-06,-1.0390625000E+00
-46.7000E-06,-1.2421875000E+00
-46.6000E-06,-1.4570312500E+00
-46.5000E-06,-1.6601562500E+00
-46.4000E-06,-1.8789062500E+00
-46.3000E-06,-2.0976562500E+00
-46.2000E-06,-2.3007812500E+00
-46.1000E-06,-2.4960937500E+00
-46.0000E-06,-2.6875000000E+00
-45.9000E-06,-2.8671875000E+00
-45.8000E-06,-3.0429687500E+00
-45.7000E-06,-3.2187500000E+00
-45.6000E-06,-3.3906250000E+00
-45.5000E-06,-3.5664062500E+00
-45.4000E-06,-3.7265625000E+00
-45.3000E-06,-3.8789062500E+00
-45.2000E-06,-4.0429687500E+00
-45.1000E-06,-4.1835937500E+00
-45.0000E-06,-4.3242187500E+00
-44.9000E-06,-4.4609375000E+00
-44.8000E-06,-4.5742187500E+00
-44.7000E-06,-4.6953125000E+00
-44.6000E-06,-4.7968750000E+00
-44.5000E-06,-4.8906250000E+00
-44.4000E-06,-4.9765625000E+00
-44.3000E-06,-5.0585937500E+00
-44.2000E-06,-5.1210937500E+00
-44.1000E-06,-5.1875000000E+00
-44.0000E-06,-5.2460937500E+00
-43.9000E-06,-5.2890625000E+00
-43.8000E-06,-5.3359375000E+00
-43.7000E-06,-5.3710937500E+00
-43.6000E-06,-5.3906250000E+00
-43.5000E-06,-5.3984375000E+00
-43.4000E-06,-5.4023437500E+00
-43.3000E-06,-5.3906250000E+00
-43.2000E-06,-5.3710937500E+00
-43.1000E-06,-5.3359375000E+00
-43.0000E-06,-5.2968750000E+00
-42.9000E-06,-5.2539062500E+00
-42.8000E-06,-5.1875000000E+00
-42.7000E-06,-5.1210937500E+00
-42.6000E-06,-5.0507812500E+00
-42.5000E-06,-4.9687500000E+00
-42.4000E-06,-4.8671875000E+00
-42.3000E-06,-4.7578125000E+00
-42.2000E-06,-4.6562500000E+00
-42.1000E-06,-4.5468750000E+00
-42.0000E-06,-4.4179687500E+00
-41.9000E-06,-4.2968750000E+00
-41.8000E-06,-4.0937500000E+00
-41.7000E-06,-3.9296875000E+00
-41.6000E-06,-3.7890625000E+00
-41.5000E-06,-3.6523437500E+00
-41.4000E-06,-3.4726562500E+00
-41.3000E-06,-3.2617187500E+00
-41.2000E-06,-3.0625000000E+00
-41.1000E-06,-2.8750000000E+00
-41.0000E-06,-2.6953125000E+00
-40.9000E-06,-2.4882812500E+00
-40.8000E-06,-2.2773437500E+00
-40.7000E-06,-2.0507812500E+00
-40.6000E-06,-1.8203125000E+00
-40.5000E-06,-1.5820312500E+00
-40.4000E-06,-1.3554687500E+00
-40.3000E-06,-1.1289062500E+00
-40.2000E-06,-906.2500000E-03
-40.1000E-06,-664.0625000E-03
-40.0000E-06,-429.6875000E-03
-39.9000E-06,-199.2187500E-03
-39.8000E-06,+39.0625000E-03
-39.7000E-06,+265.6250000E-03
-39.6000E-06,+507.8125000E-03
-39.5000E-06,+746.0937500E-03
-39.4000E-06,+1.0000000000E+00
-39.3000E-06,+1.2265625000E+00
-39.2000E-06,+1.4375000000E+00
-39.1000E-06,+1.6562500000E+00
-39.0000E-06,+1.9023437500E+00
-38.9000E-06,+2.1562500000E+00
-38.8000E-06,+2.3828125000E+00
-38.7000E-06,+2.5742187500E+00
-38.6000E-06,+2.7578125000E+00
-38.5000E-06,+2.9570312500E+00
-38.4000E-06,+3.1640625000E+00
-38.3000E-06,+3.3593750000E+00
-38.2000E-06,+3.5429687500E+00
-38.1000E-06,+3.7031250000E+00
-38.0000E-06,+3.8632812500E+00
-37.9000E-06,+4.0156250000E+00
-37.8000E-06,+4.1718750000E+00
-37.7000E-06,+4.3203125000E+00
-37.6000E-06,+4.4648437500E+00
-37.5000E-06,+4.5898437500E+00
-37.4000E-06,+4.6992187500E+00
-37.3000E-06,+4.7929687500E+00
-37.2000E-06,+4.8867187500E+00
-37.1000E-06,+4.9531250000E+00
-37.0000E-06,+5.0273437500E+00
-36.9000E-06,+5.1093750000E+00
-36.8000E-06,+5.1601562500E+00
-36.7000E-06,+5.1875000000E+00
-36.6000E-06,+5.1914062500E+00
-36.5000E-06,+5.2070312500E+00
-36.4000E-06,+5.2460937500E+00
-36.3000E-06,+5.2734375000E+00
-36.2000E-06,+5.2617187500E+00
-36.1000E-06,+5.2148437500E+00
-36.0000E-06,+5.1718750000E+00
-35.9000E-06,+5.1445312500E+00
-35.8000E-06,+5.1210937500E+00
-35.7000E-06,+5.0781250000E+00
-35.6000E-06,+5.0039062500E+00
-35.5000E-06,+4.9296875000E+00
-35.4000E-06,+4.8632812500E+00
-35.3000E-06,+4.7851562500E+00
-35.2000E-06,+4.6601562500E+00
-35.1000E-06,+4.5507812500E+00
-35.0000E-06,+4.4492187500E+00
-34.9000E-06,+4.3632812500E+00
-34.8000E-06,+4.2187500000E+00
-34.7000E-06,+4.0820312500E+00
-34.6000E-06,+3.9296875000E+00
-34.5000E-06,+3.7968750000E+00
-34.4000E-06,+3.6445312500E+00
-34.3000E-06,+3.4960937500E+00
-34.2000E-06,+3.3398437500E+00
-34.1000E-06,+3.1875000000E+00
-34.0000E-06,+3.0078125000E+00
-33.9000E-06,+2.8281250000E+00
-33.8000E-06,+2.6484375000E+00
-33.7000E-06,+2.4687500000E+00
-33.6000E-06,+2.2851562500E+00
-33.5000E-06,+2.0898437500E+00
-33.4000E-06,+1.8867187500E+00
-33.3000E-06,+1.6757812500E+00
-33.2000E-06,+1.4609375000E+00
-33.1000E-06,+1.2734375000E+00
-33.0000E-06,+1.0703125000E+00
-32.9000E-06,+863.2812500E-03
-32.8000E-06,+648.4375000E-03
-32.7000E-06,+429.6875000E-03
-32.6000E-06,+218.7500000E-03
-32.5000E-06,+11.7187500E-03
-32.4000E-06,-203.1250000E-03
-32.3000E-06,-414.0625000E-03
-32.2000E-06,-617.1875000E-03
-32.1000E-06,-832.0312500E-03
-32.0000E-06,-1.0468750000E+00
-31.9000E-06,-1.2578125000E+00
-31.8000E-06,-1.4687500000E+00
-31.7000E-06,-1.6757812500E+00
-31.6000E-06,-1.8867187500E+00
-31.5000E-06,-2.0937500000E+00
-31.4000E-06,-2.2968750000E+00
-31.3000E-06,-2.4921875000E+00
-31.2000E-06,-2.6796875000E+00
-31.1000E-06,-2.8671875000E+00
-31.0000E-06,-3.0507812500E+00
-30.9000E-06,-3.2265625000E+00
-30.8000E-06,-3.3984375000E+00
-30.7000E-06,-3.5625000000E+00
-30.6000E-06,-3.7421875000E+00
-30.5000E-06,-3.8789062500E+00
-30.4000E-06,-4.0273437500E+00
-30.3000E-06,-4.1835937500E+00
-30.2000E-06,-4.3398437500E+00
-30.1000E-06,-4.4726562500E+00
-30.0000E-06,-4.5742187500E+00
-29.9000E-06,-4.6875000000E+00
-29.8000E-06,-4.8007812500E+00
-29.7000E-06,-4.9023437500E+00
-29.6000E-06,-4.9882812500E+00
-29.5000E-06,-5.0703125000E+00
-29.4000E-06,-5.1171875000E+00
-29.3000E-06,-5.1953125000E+00
-29.2000E-06,-5.2578125000E+00
-29.1000E-06,-5.2812500000E+00
-29.0000E-06,-5.3281250000E+00
-28.9000E-06,-5.3593750000E+00
-28.8000E-06,-5.3906250000E+00
-28.7000E-06,-5.4023437500E+00
-28.6000E-06,-5.4023437500E+00
-28.5000E-06,-5.3867187500E+00
-28.4000E-06,-5.3554687500E+00
-28.3000E-06,-5.3320312500E+00
-28.2000E-06,-5.3046875000E+00
-28.1000E-06,-5.2656250000E+00
-28.0000E-06,-5.1875000000E+00
-27.9000E-06,-5.0937500000E+00
-27.8000E-06,-5.0234375000E+00
-27.7000E-06,-4.9609375000E+00
-27.6000E-06,-4.8945312500E+00
-27.5000E-06,-4.7968750000E+00
-27.4000E-06,-4.6601562500E+00
-27.3000E-06,-4.5195312500E+00
-27.2000E-06,-4.3750000000E+00
-27.1000E-06,-4.2421875000E+00
-27.0000E-06,-4.1171875000E+00
-26.9000E-06,-3.9726562500E+00
-26.8000E-06,-3.7968750000E+00
-26.7000E-06,-3.6171875000E+00
-26.6000E-06,-3.4257812500E+00
-26.5000E-06,-3.2460937500E+00
-26.4000E-06,-3.0664062500E+00
-26.3000E-06,-2.8828125000E+00
-26.2000E-06,-2.6835937500E+00
-26.1000E-06,-2.4804687500E+00
-26.0000E-06,-2.2695312500E+00
-25.9000E-06,-2.0312500000E+00
-25.8000E-06,-1.8007812500E+00
-25.7000E-06,-1.5664062500E+00
-25.6000E-06,-1.3398437500E+00
-25.5000E-06,-1.1210937500E+00
-25.4000E-06,-894.5312500E-03
-25.3000E-06,-656.2500000E-03
-25.2000E-06,-417.9687500E-03
-25.1000E-06,-167.9687500E-03
-25.0000E-06,+7.8125000E-03
-24.9000E-06,+296.8750000E-03
-24.8000E-06,+546.8750000E-03
-24.7000E-06,+730.4687500E-03
-24.6000E-06,+968.7500000E-03
-24.5000E-06,+1.2460937500E+00
-24.4000E-06,+1.4648437500E+00
-24.3000E-06,+1.6914062500E+00
-24.2000E-06,+1.9296875000E+00
-24.1000E-06,+2.1445312500E+00
-24.0000E-06,+2.3632812500E+00
-23.9000E-06,+2.5742187500E+00
-23.8000E-06,+2.7890625000E+00
-23.7000E-06,+2.9882812500E+00
-23.6000E-06,+3.1757812500E+00
-23.5000E-06,+3.3632812500E+00
-23.4000E-06,+3.5390625000E+00
-23.3000E-06,+3.7109375000E+00
-23.2000E-06,+3.8789062500E+00
-23.1000E-06,+4.0273437500E+00
-23.0000E-06,+4.1875000000E+00
-22.9000E-06,+4.3320312500E+00
-22.8000E-06,+4.4726562500E+00
-22.7000E-06,+4.5820312500E+00
-22.6000E-06,+4.6992187500E+00
-22.5000E-06,+4.8007812500E+00
-22.4000E-06,+4.8906250000E+00
-22.3000E-06,+4.9609375000E+00
-22.2000E-06,+5.0429687500E+00
-22.1000E-06,+5.1015625000E+00
-22.0000E-06,+5.1484375000E+00
-21.9000E-06,+5.1875000000E+00
-21.8000E-06,+5.2148437500E+00
-21.7000E-06,+5.2343750000E+00
-21.6000E-06,+5.2460937500E+00
-21.5000E-06,+5.2460937500E+00
-21.4000E-06,+5.2421875000E+00
-21.3000E-06,+5.2226562500E+00
-21.2000E-06,+5.1953125000E+00
-21.1000E-06,+5.1484375000E+00
-21.0000E-06,+5.1015625000E+00
-20.9000E-06,+5.0546875000E+00
-20.8000E-06,+5.0039062500E+00
-20.7000E-06,+4.9296875000E+00
-20.6000E-06,+4.8437500000E+00
-20.5000E-06,+4.7539062500E+00
-20.4000E-06,+4.6562500000E+00
-20.3000E-06,+4.5625000000E+00
-20.2000E-06,+4.4531250000E+00
-20.1000E-06,+4.3398437500E+00
-20.0000E-06,+4.2109375000E+00
-19.9000E-06,+4.0742187500E+00
-19.8000E-06,+3.9335937500E+00
-19.7000E-06,+3.7890625000E+00
-19.6000E-06,+3.6445312500E+00
-19.5000E-06,+3.4921875000E+00
-19.4000E-06,+3.3359375000E+00
-19.3000E-06,+3.1718750000E+00
-19.2000E-06,+3.0000000000E+00
-19.1000E-06,+2.8320312500E+00
-19.0000E-06,+2.6484375000E+00
-18.9000E-06,+2.4570312500E+00
-18.8000E-06,+2.2734375000E+00
-18.7000E-06,+2.0742187500E+00
-18.6000E-06,+1.8750000000E+00
-18.5000E-06,+1.6679687500E+00
-18.4000E-06,+1.4335937500E+00
-18.3000E-06,+1.2773437500E+00
-18.2000E-06,+1.1015625000E+00
-18.1000E-06,+820.3125000E-03
-18.0000E-06,+605.4687500E-03
-17.9000E-06,+433.5937500E-03
-17.8000E-06,+195.3125000E-03
-17.7000E-06,+15.6250000E-03
-17.6000E-06,-226.5625000E-03
-17.5000E-06,-425.7812500E-03
-17.4000E-06,-640.6250000E-03
-17.3000E-06,-843.7500000E-03
-17.2000E-06,-1.0625000000E+00
-17.1000E-06,-1.2656250000E+00
-17.0000E-06,-1.4765625000E+00
-16.9000E-06,-1.6875000000E+00
-16.8000E-06,-1.8945312500E+00
-16.7000E-06,-2.1132812500E+00
-16.6000E-06,-2.3125000000E+00
-16.5000E-06,-2.5078125000E+00
-16.4000E-06,-2.6953125000E+00
-16.3000E-06,-2.8906250000E+00
-16.2000E-06,-3.0625000000E+00
-16.1000E-06,-3.2460937500E+00
-16.0000E-06,-3.4179687500E+00
-15.9000E-06,-3.5859375000E+00
-15.8000E-06,-3.7460937500E+00
-15.7000E-06,-3.9062500000E+00
-15.6000E-06,-4.0546875000E+00
-15.5000E-06,-4.1992187500E+00
-15.4000E-06,-4.3398437500E+00
-15.3000E-06,-4.4726562500E+00
-15.2000E-06,-4.5976562500E+00
-15.1000E-06,-4.7109375000E+00
-15.0000E-06,-4.8125000000E+00
-14.9000E-06,-4.9062500000E+00
-14.8000E-06,-4.9843750000E+00
-14.7000E-06,-5.0625000000E+00
-14.6000E-06,-5.1328125000E+00
-14.5000E-06,-5.2226562500E+00
-14.4000E-06,-5.2382812500E+00
-14.3000E-06,-5.2812500000E+00
-14.2000E-06,-5.3320312500E+00
-14.1000E-06,-5.3906250000E+00
-14.0000E-06,-5.4062500000E+00
-13.9000E-06,-5.3945312500E+00
-13.8000E-06,-5.3867187500E+00
-13.7000E-06,-5.3789062500E+00
-13.6000E-06,-5.3593750000E+00
-13.5000E-06,-5.3398437500E+00
-13.4000E-06,-5.3046875000E+00
-13.3000E-06,-5.2539062500E+00
-13.2000E-06,-5.1875000000E+00
-13.1000E-06,-5.1093750000E+00
-13.0000E-06,-5.0429687500E+00
-12.9000E-06,-4.9570312500E+00
-12.8000E-06,-4.8750000000E+00
-12.7000E-06,-4.7734375000E+00
-12.6000E-06,-4.6484375000E+00
-12.5000E-06,-4.5312500000E+00
-12.4000E-06,-4.3984375000E+00
-12.3000E-06,-4.2500000000E+00
-12.2000E-06,-4.1015625000E+00
-12.1000E-06,-3.9453125000E+00
-12.0000E-06,-3.7812500000E+00
-11.9000E-06,-3.6015625000E+00
-11.8000E-06,-3.4296875000E+00
-11.7000E-06,-3.2382812500E+00
-11.6000E-06,-3.0585937500E+00
-11.5000E-06,-2.8593750000E+00
-11.4000E-06,-2.6640625000E+00
-11.3000E-06,-2.4531250000E+00
-11.2000E-06,-2.2421875000E+00
-11.1000E-06,-2.0117187500E+00
-11.0000E-06,-1.7851562500E+00
-10.9000E-06,-1.5546875000E+00
-10.8000E-06,-1.3320312500E+00
-10.7000E-06,-1.1054687500E+00
-10.6000E-06,-863.2812500E-03
-10.5000E-06,-625.0000000E-03
-10.4000E-06,-406.2500000E-03
-10.3000E-06,-179.6875000E-03
-10.2000E-06,+39.0625000E-03
-10.1000E-06,+296.8750000E-03
-10.0000E-06,+554.6875000E-03
-9.9000E-06,+796.8750000E-03
-9.8000E-06,+1.0156250000E+00
-9.7000E-06,+1.2343750000E+00
-9.6000E-06,+1.4531250000E+00
-9.5000E-06,+1.7070312500E+00
-9.4000E-06,+1.9375000000E+00
-9.3000E-06,+2.1757812500E+00
-9.2000E-06,+2.3867187500E+00
-9.1000E-06,+2.5898437500E+00
-9.0000E-06,+2.7890625000E+00
-8.9000E-06,+2.9960937500E+00
-8.8000E-06,+3.1914062500E+00
-8.7000E-06,+3.3867187500E+00
-8.6000E-06,+3.5546875000E+00
-8.5000E-06,+3.7265625000E+00
-8.4000E-06,+3.8789062500E+00
-8.3000E-06,+4.0429687500E+00
-8.2000E-06,+4.1914062500E+00
-8.1000E-06,+4.3437500000E+00
-8.0000E-06,+4.4882812500E+00
-7.9000E-06,+4.5976562500E+00
-7.8000E-06,+4.6953125000E+00
-7.7000E-06,+4.8007812500E+00
-7.6000E-06,+4.8906250000E+00
-7.5000E-06,+4.9804687500E+00
-7.4000E-06,+5.0468750000E+00
-7.3000E-06,+5.1015625000E+00
-7.2000E-06,+5.1484375000E+00
-7.1000E-06,+5.1875000000E+00
-7.0000E-06,+5.2148437500E+00
-6.9000E-06,+5.2382812500E+00
-6.8000E-06,+5.2539062500E+00
-6.7000E-06,+5.2500000000E+00
-6.6000E-06,+5.2343750000E+00
-6.5000E-06,+5.2109375000E+00
-6.4000E-06,+5.1835937500E+00
-6.3000E-06,+5.1484375000E+00
-6.2000E-06,+5.1132812500E+00
-6.1000E-06,+5.0585937500E+00
-6.0000E-06,+4.9960937500E+00
-5.9000E-06,+4.9179687500E+00
-5.8000E-06,+4.8359375000E+00
-5.7000E-06,+4.7539062500E+00
-5.6000E-06,+4.6562500000E+00
-5.5000E-06,+4.5546875000E+00
-5.4000E-06,+4.4453125000E+00
-5.3000E-06,+4.3203125000E+00
-5.2000E-06,+4.1914062500E+00
-5.1000E-06,+4.0585937500E+00
-5.0000E-06,+3.9218750000E+00
-4.9000E-06,+3.7812500000E+00
-4.8000E-06,+3.6328125000E+00
-4.7000E-06,+3.4843750000E+00
-4.6000E-06,+3.3203125000E+00
-4.5000E-06,+3.1562500000E+00
-4.4000E-06,+2.9882812500E+00
-4.3000E-06,+2.8164062500E+00
-4.2000E-06,+2.6328125000E+00
-4.1000E-06,+2.4609375000E+00
-4.0000E-06,+2.2617187500E+00
-3.9000E-06,+2.0585937500E+00
-3.8000E-06,+1.8515625000E+00
-3.7000E-06,+1.6484375000E+00
-3.6000E-06,+1.4453125000E+00
-3.5000E-06,+1.2460937500E+00
-3.4000E-06,+1.0429687500E+00
-3.3000E-06,+835.9375000E-03
-3.2000E-06,+617.1875000E-03
-3.1000E-06,+402.3437500E-03
-3.0000E-06,+191.4062500E-03
-2.9000E-06,-0.0E+00
-2.8000E-06,-226.5625000E-03
-2.7000E-06,-437.5000000E-03
-2.6000E-06,-648.4375000E-03
-2.5000E-06,-859.3750000E-03
-2.4000E-06,-1.0742187500E+00
-2.3000E-06,-1.2812500000E+00
-2.2000E-06,-1.4960937500E+00
-2.1000E-06,-1.7031250000E+00
-2.0000E-06,-1.9179687500E+00
-1.9000E-06,-2.1250000000E+00
-1.8000E-06,-2.3242187500E+00
-1.7000E-06,-2.5156250000E+00
-1.6000E-06,-2.7109375000E+00
-1.5000E-06,-2.8906250000E+00
-1.4000E-06,-3.0781250000E+00
-1.3000E-06,-3.2500000000E+00
-1.2000E-06,-3.4179687500E+00
-1.1000E-06,-3.5859375000E+00
-1.0000E-06,-3.7460937500E+00
-900.0E-09,-3.9023437500E+00
-800.0E-09,-4.0507812500E+00
-700.0E-09,-4.2148437500E+00
-600.0E-09,-4.3515625000E+00
-500.0E-09,-4.4765625000E+00
-400.0E-09,-4.5859375000E+00
-300.0E-09,-4.6992187500E+00
-200.0E-09,-4.8203125000E+00
-100.0E-09,-4.9296875000E+00
+0.0E+00,-5.0039062500E+00
+100.0E-09,-5.0585937500E+00
+200.0E-09,-5.1093750000E+00
+300.0E-09,-5.1796875000E+00
+400.0E-09,-5.2578125000E+00
+500.0E-09,-5.3203125000E+00
+600.0E-09,-5.3671875000E+00
+700.0E-09,-5.3632812500E+00
+800.0E-09,-5.3593750000E+00
+900.0E-09,-5.3632812500E+00
+1.0000E-06,-5.3828125000E+00
+1.1000E-06,-5.3945312500E+00
+1.2000E-06,-5.3828125000E+00
+1.3000E-06,-5.3359375000E+00
+1.4000E-06,-5.2851562500E+00
+1.5000E-06,-5.2265625000E+00
+1.6000E-06,-5.1679687500E+00
+1.7000E-06,-5.1054687500E+00
+1.8000E-06,-5.0390625000E+00
+1.9000E-06,-4.9531250000E+00
+2.0000E-06,-4.8671875000E+00
+2.1000E-06,-4.7539062500E+00
+2.2000E-06,-4.6250000000E+00
+2.3000E-06,-4.5039062500E+00
+2.4000E-06,-4.3750000000E+00
+2.5000E-06,-4.2343750000E+00
+2.6000E-06,-4.0937500000E+00
+2.7000E-06,-3.9335937500E+00
+2.8000E-06,-3.7656250000E+00
+2.9000E-06,-3.5859375000E+00
+3.0000E-06,-3.4062500000E+00
+3.1000E-06,-3.2304687500E+00
+3.2000E-06,-3.0546875000E+00
+3.3000E-06,-2.8593750000E+00
+3.4000E-06,-2.6601562500E+00
+3.5000E-06,-2.4453125000E+00
+3.6000E-06,-2.2265625000E+00
+3.7000E-06,-2.0117187500E+00
+3.8000E-06,-1.7851562500E+00
+3.9000E-06,-1.5546875000E+00
+4.0000E-06,-1.3203125000E+00
+4.1000E-06,-1.0937500000E+00
+4.2000E-06,-863.2812500E-03
+4.3000E-06,-625.0000000E-03
+4.4000E-06,-402.3437500E-03
+4.5000E-06,-156.2500000E-03
+4.6000E-06,+78.1250000E-03
+4.7000E-06,+281.2500000E-03
+4.8000E-06,+542.9687500E-03
+4.9000E-06,+828.1250000E-03
+5.0000E-06,+1.0234375000E+00
+5.1000E-06,+1.2304687500E+00
+5.2000E-06,+1.4804687500E+00
+5.3000E-06,+1.7226562500E+00
+5.4000E-06,+1.9335937500E+00
+5.5000E-06,+2.1718750000E+00
+5.6000E-06,+2.3945312500E+00
+5.7000E-06,+2.5937500000E+00
+5.8000E-06,+2.8046875000E+00
+5.9000E-06,+3.0078125000E+00
+6.0000E-06,+3.1953125000E+00
+6.1000E-06,+3.3828125000E+00
+6.2000E-06,+3.5585937500E+00
+6.3000E-06,+3.7265625000E+00
+6.4000E-06,+3.8945312500E+00
+6.5000E-06,+4.0429687500E+00
+6.6000E-06,+4.1953125000E+00
+6.7000E-06,+4.3398437500E+00
+6.8000E-06,+4.4804687500E+00
+6.9000E-06,+4.5976562500E+00
+7.0000E-06,+4.6992187500E+00
+7.1000E-06,+4.8085937500E+00
+7.2000E-06,+4.8906250000E+00
+7.3000E-06,+4.9726562500E+00
+7.4000E-06,+5.0429687500E+00
+7.5000E-06,+5.0976562500E+00
+7.6000E-06,+5.1484375000E+00
+7.7000E-06,+5.1875000000E+00
+7.8000E-06,+5.2187500000E+00
+7.9000E-06,+5.2343750000E+00
+8.0000E-06,+5.2460937500E+00
+8.1000E-06,+5.2460937500E+00
+8.2000E-06,+5.2382812500E+00
+8.3000E-06,+5.2148437500E+00
+8.4000E-06,+5.1875000000E+00
+8.5000E-06,+5.1562500000E+00
+8.6000E-06,+5.1054687500E+00
+8.7000E-06,+5.0507812500E+00
+8.8000E-06,+4.9960937500E+00
+8.9000E-06,+4.9218750000E+00
+9.0000E-06,+4.8398437500E+00
+9.1000E-06,+4.7578125000E+00
+9.2000E-06,+4.6562500000E+00
+9.3000E-06,+4.5546875000E+00
+9.4000E-06,+4.4453125000E+00
+9.5000E-06,+4.3242187500E+00
+9.6000E-06,+4.1953125000E+00
+9.7000E-06,+4.0625000000E+00
+9.8000E-06,+3.9218750000E+00
+9.9000E-06,+3.7812500000E+00
+10.0000E-06,+3.6289062500E+00
+10.1000E-06,+3.4765625000E+00
+10.2000E-06,+3.3085937500E+00
+10.3000E-06,+3.1601562500E+00
+10.4000E-06,+2.9882812500E+00
+10.5000E-06,+2.8046875000E+00
+10.6000E-06,+2.6289062500E+00
+10.7000E-06,+2.4492187500E+00
+10.8000E-06,+2.2539062500E+00
+10.9000E-06,+2.0546875000E+00
+11.0000E-06,+1.8554687500E+00
+11.1000E-06,+1.6523437500E+00
+11.2000E-06,+1.4492187500E+00
+11.3000E-06,+1.2500000000E+00
+11.4000E-06,+1.0390625000E+00
+11.5000E-06,+832.0312500E-03
+11.6000E-06,+613.2812500E-03
+11.7000E-06,+375.0000000E-03
+11.8000E-06,+207.0312500E-03
+11.9000E-06,-7.8125000E-03
+12.0000E-06,-238.2812500E-03
+12.1000E-06,-464.8437500E-03
+12.2000E-06,-656.2500000E-03
+12.3000E-06,-859.3750000E-03
+12.4000E-06,-1.0664062500E+00
+12.5000E-06,-1.2812500000E+00
+12.6000E-06,-1.4960937500E+00
+12.7000E-06,-1.7070312500E+00
+12.8000E-06,-1.9375000000E+00
+12.9000E-06,-2.1367187500E+00
+13.0000E-06,-2.2773437500E+00
+13.1000E-06,-2.5585937500E+00
+13.2000E-06,-2.7187500000E+00
+13.3000E-06,-2.9140625000E+00
+13.4000E-06,-3.0546875000E+00
+13.5000E-06,-3.2500000000E+00
+13.6000E-06,-3.4414062500E+00
+13.7000E-06,-3.5781250000E+00
+13.8000E-06,-3.7421875000E+00
+13.9000E-06,-3.9179687500E+00
+14.0000E-06,-4.0859375000E+00
+14.1000E-06,-4.1992187500E+00
+14.2000E-06,-4.3359375000E+00
+14.3000E-06,-4.4765625000E+00
+14.4000E-06,-4.5937500000E+00
+14.5000E-06,-4.7187500000E+00
+14.6000E-06,-4.8203125000E+00
+14.7000E-06,-4.9257812500E+00
+14.8000E-06,-5.0078125000E+00
+14.9000E-06,-5.0703125000E+00
+15.0000E-06,-5.1289062500E+00
+15.1000E-06,-5.1992187500E+00
+15.2000E-06,-5.2578125000E+00
+15.3000E-06,-5.3125000000E+00
+15.4000E-06,-5.3437500000E+00
+15.5000E-06,-5.3750000000E+00
+15.6000E-06,-5.3906250000E+00
+15.7000E-06,-5.3984375000E+00
+15.8000E-06,-5.3945312500E+00
+15.9000E-06,-5.3906250000E+00
+16.0000E-06,-5.3710937500E+00
+16.1000E-06,-5.3359375000E+00
+16.2000E-06,-5.2851562500E+00
+16.3000E-06,-5.2343750000E+00
+16.4000E-06,-5.1796875000E+00
+16.5000E-06,-5.1132812500E+00
+16.6000E-06,-5.0390625000E+00
+16.7000E-06,-4.9492187500E+00
+16.8000E-06,-4.8515625000E+00
+16.9000E-06,-4.7460937500E+00
+17.0000E-06,-4.6289062500E+00
+17.1000E-06,-4.5156250000E+00
+17.2000E-06,-4.3750000000E+00
+17.3000E-06,-4.2304687500E+00
+17.4000E-06,-4.0859375000E+00
+17.5000E-06,-3.9296875000E+00
+17.6000E-06,-3.7578125000E+00
+17.7000E-06,-3.5898437500E+00
+17.8000E-06,-3.4101562500E+00
+17.9000E-06,-3.2226562500E+00
+18.0000E-06,-3.0390625000E+00
+18.1000E-06,-2.8476562500E+00
+18.2000E-06,-2.6484375000E+00
+18.3000E-06,-2.4335937500E+00
+18.4000E-06,-2.2187500000E+00
+18.5000E-06,-1.9960937500E+00
+18.6000E-06,-1.7812500000E+00
+18.7000E-06,-1.5507812500E+00
+18.8000E-06,-1.3125000000E+00
+18.9000E-06,-1.0742187500E+00
+19.0000E-06,-839.8437500E-03
+19.1000E-06,-613.2812500E-03
+19.2000E-06,-402.3437500E-03
+19.3000E-06,-152.3437500E-03
+19.4000E-06,+85.9375000E-03
+19.5000E-06,+316.4062500E-03
+19.6000E-06,+554.6875000E-03
+19.7000E-06,+804.6875000E-03
+19.8000E-06,+1.0312500000E+00
+19.9000E-06,+1.2656250000E+00
+20.0000E-06,+1.4921875000E+00
+20.1000E-06,+1.7343750000E+00
+20.2000E-06,+1.9492187500E+00
+20.3000E-06,+2.1796875000E+00
+20.4000E-06,+2.4062500000E+00
+20.5000E-06,+2.6210937500E+00
+20.6000E-06,+2.8164062500E+00
+20.7000E-06,+3.0234375000E+00
+20.8000E-06,+3.2031250000E+00
+20.9000E-06,+3.3867187500E+00
+21.0000E-06,+3.5546875000E+00
+21.1000E-06,+3.7460937500E+00
+21.2000E-06,+3.9179687500E+00
+21.3000E-06,+4.0664062500E+00
+21.4000E-06,+4.2070312500E+00
+21.5000E-06,+4.3437500000E+00
+21.6000E-06,+4.4765625000E+00
+21.7000E-06,+4.5976562500E+00
+21.8000E-06,+4.7148437500E+00
+21.9000E-06,+4.8281250000E+00
+22.0000E-06,+4.9140625000E+00
+22.1000E-06,+4.9843750000E+00
+22.2000E-06,+5.0468750000E+00
+22.3000E-06,+5.0976562500E+00
+22.4000E-06,+5.1640625000E+00
+22.5000E-06,+5.2031250000E+00
+22.6000E-06,+5.2226562500E+00
+22.7000E-06,+5.2382812500E+00
+22.8000E-06,+5.2421875000E+00
+22.9000E-06,+5.2343750000E+00
+23.0000E-06,+5.2265625000E+00
+23.1000E-06,+5.2148437500E+00
+23.2000E-06,+5.1835937500E+00
+23.3000E-06,+5.1562500000E+00
+23.4000E-06,+5.0976562500E+00
+23.5000E-06,+5.0390625000E+00
+23.6000E-06,+4.9804687500E+00
+23.7000E-06,+4.9062500000E+00
+23.8000E-06,+4.8320312500E+00
+23.9000E-06,+4.7421875000E+00
+24.0000E-06,+4.6484375000E+00
+24.1000E-06,+4.5468750000E+00
+24.2000E-06,+4.4335937500E+00
+24.3000E-06,+4.3125000000E+00
+24.4000E-06,+4.1796875000E+00
+24.5000E-06,+4.0468750000E+00
+24.6000E-06,+3.9062500000E+00
+24.7000E-06,+3.7578125000E+00
+24.8000E-06,+3.6171875000E+00
+24.9000E-06,+3.4648437500E+00
+25.0000E-06,+3.3007812500E+00
+25.1000E-06,+3.1406250000E+00
+25.2000E-06,+2.9648437500E+00
+25.3000E-06,+2.7929687500E+00
+25.4000E-06,+2.6171875000E+00
+25.5000E-06,+2.4296875000E+00
+25.6000E-06,+2.2382812500E+00
+25.7000E-06,+2.0390625000E+00
+25.8000E-06,+1.8320312500E+00
+25.9000E-06,+1.6328125000E+00
+26.0000E-06,+1.4296875000E+00
+26.1000E-06,+1.2304687500E+00
+26.2000E-06,+1.0312500000E+00
+26.3000E-06,+816.4062500E-03
+26.4000E-06,+601.5625000E-03
+26.5000E-06,+382.8125000E-03
+26.6000E-06,+179.6875000E-03
+26.7000E-06,-19.5312500E-03
+26.8000E-06,-242.1875000E-03
+26.9000E-06,-445.3125000E-03
+27.0000E-06,-660.1562500E-03
+27.1000E-06,-875.0000000E-03
+27.2000E-06,-1.0898437500E+00
+27.3000E-06,-1.2929687500E+00
+27.4000E-06,-1.5156250000E+00
+27.5000E-06,-1.7304687500E+00
+27.6000E-06,-1.9296875000E+00
+27.7000E-06,-2.1367187500E+00
+27.8000E-06,-2.3476562500E+00
+27.9000E-06,-2.5468750000E+00
+28.0000E-06,-2.7460937500E+00
+28.1000E-06,-2.9179687500E+00
+28.2000E-06,-3.0742187500E+00
+28.3000E-06,-3.2343750000E+00
+28.4000E-06,-3.4218750000E+00
+28.5000E-06,-3.6250000000E+00
+28.6000E-06,-3.7929687500E+00
+28.7000E-06,-3.9414062500E+00
+28.8000E-06,-4.0625000000E+00
+28.9000E-06,-4.1875000000E+00
+29.0000E-06,-4.3281250000E+00
+29.1000E-06,-4.4882812500E+00
+29.2000E-06,-4.6171875000E+00
+29.3000E-06,-4.7304687500E+00
+29.4000E-06,-4.8203125000E+00
+29.5000E-06,-4.8984375000E+00
+29.6000E-06,-4.9843750000E+00
+29.7000E-06,-5.0546875000E+00
+29.8000E-06,-5.1328125000E+00
+29.9000E-06,-5.2070312500E+00
+30.0000E-06,-5.2539062500E+00
+30.1000E-06,-5.3046875000E+00
+30.2000E-06,-5.3359375000E+00
+30.3000E-06,-5.3632812500E+00
+30.4000E-06,-5.3710937500E+00
+30.5000E-06,-5.3789062500E+00
+30.6000E-06,-5.3906250000E+00
+30.7000E-06,-5.3828125000E+00
+30.8000E-06,-5.3515625000E+00
+30.9000E-06,-5.3164062500E+00
+31.0000E-06,-5.2695312500E+00
+31.1000E-06,-5.2187500000E+00
+31.2000E-06,-5.1640625000E+00
+31.3000E-06,-5.1015625000E+00
+31.4000E-06,-5.0312500000E+00
+31.5000E-06,-4.9453125000E+00
+31.6000E-06,-4.8476562500E+00
+31.7000E-06,-4.7421875000E+00
+31.8000E-06,-4.6289062500E+00
+31.9000E-06,-4.4921875000E+00
+32.0000E-06,-4.3710937500E+00
+32.1000E-06,-4.2382812500E+00
+32.2000E-06,-4.0781250000E+00
+32.3000E-06,-3.9179687500E+00
+32.4000E-06,-3.7539062500E+00
+32.5000E-06,-3.5742187500E+00
+32.6000E-06,-3.3906250000E+00
+32.7000E-06,-3.2226562500E+00
+32.8000E-06,-3.0234375000E+00
+32.9000E-06,-2.8710937500E+00
+33.0000E-06,-2.6250000000E+00
+33.1000E-06,-2.4414062500E+00
+33.2000E-06,-2.1953125000E+00
+33.3000E-06,-1.9960937500E+00
+33.4000E-06,-1.7617187500E+00
+33.5000E-06,-1.5351562500E+00
+33.6000E-06,-1.3007812500E+00
+33.7000E-06,-1.0742187500E+00
+33.8000E-06,-835.9375000E-03
+33.9000E-06,-605.4687500E-03
+34.0000E-06,-378.9062500E-03
+34.1000E-06,-136.7187500E-03
+34.2000E-06,+93.7500000E-03
+34.3000E-06,+324.2187500E-03
+34.4000E-06,+574.2187500E-03
+34.5000E-06,+777.3437500E-03
+34.6000E-06,+1.0703125000E+00
+34.7000E-06,+1.2968750000E+00
+34.8000E-06,+1.4921875000E+00
+34.9000E-06,+1.7226562500E+00
+35.0000E-06,+1.9687500000E+00
+35.1000E-06,+2.1914062500E+00
+35.2000E-06,+2.4101562500E+00
+35.3000E-06,+2.6289062500E+00
+35.4000E-06,+2.8242187500E+00
+35.5000E-06,+3.0273437500E+00
+35.6000E-06,+3.2070312500E+00
+35.7000E-06,+3.3867187500E+00
+35.8000E-06,+3.5664062500E+00
+35.9000E-06,+3.7500000000E+00
+36.0000E-06,+3.9101562500E+00
+36.1000E-06,+4.0507812500E+00
+36.2000E-06,+4.1914062500E+00
+36.3000E-06,+4.3359375000E+00
+36.4000E-06,+4.4843750000E+00
+36.5000E-06,+4.6210937500E+00
+36.6000E-06,+4.7382812500E+00
+36.7000E-06,+4.8125000000E+00
+36.8000E-06,+4.8789062500E+00
+36.9000E-06,+4.9609375000E+00
+37.0000E-06,+5.0585937500E+00
+37.1000E-06,+5.1289062500E+00
+37.2000E-06,+5.1640625000E+00
+37.3000E-06,+5.1835937500E+00
+37.4000E-06,+5.1914062500E+00
+37.5000E-06,+5.2226562500E+00
+37.6000E-06,+5.2500000000E+00
+37.7000E-06,+5.2656250000E+00
+37.8000E-06,+5.2382812500E+00
+37.9000E-06,+5.2070312500E+00
+38.0000E-06,+5.1757812500E+00
+38.1000E-06,+5.1484375000E+00
+38.2000E-06,+5.1054687500E+00
+38.3000E-06,+5.0546875000E+00
+38.4000E-06,+5.0000000000E+00
+38.5000E-06,+4.9101562500E+00
+38.6000E-06,+4.8320312500E+00
+38.7000E-06,+4.7382812500E+00
+38.8000E-06,+4.6445312500E+00
+38.9000E-06,+4.5429687500E+00
+39.0000E-06,+4.4296875000E+00
+39.1000E-06,+4.3125000000E+00
+39.2000E-06,+4.1757812500E+00
+39.3000E-06,+4.0468750000E+00
+39.4000E-06,+3.9062500000E+00
+39.5000E-06,+3.7617187500E+00
+39.6000E-06,+3.6132812500E+00
+39.7000E-06,+3.4570312500E+00
+39.8000E-06,+3.3007812500E+00
+39.9000E-06,+3.1367187500E+00
+40.0000E-06,+2.9726562500E+00
+40.1000E-06,+2.7929687500E+00
+40.2000E-06,+2.6132812500E+00
+40.3000E-06,+2.4140625000E+00
+40.4000E-06,+2.2343750000E+00
+40.5000E-06,+2.0546875000E+00
+40.6000E-06,+1.8437500000E+00
+40.7000E-06,+1.6093750000E+00
+40.8000E-06,+1.4062500000E+00
+40.9000E-06,+1.2226562500E+00
+41.0000E-06,+1.0312500000E+00
+41.1000E-06,+812.5000000E-03
+41.2000E-06,+585.9375000E-03
+41.3000E-06,+375.0000000E-03
+41.4000E-06,+164.0625000E-03
+41.5000E-06,-46.8750000E-03
+41.6000E-06,-269.5312500E-03
+41.7000E-06,-460.9375000E-03
+41.8000E-06,-660.1562500E-03
+41.9000E-06,-867.1875000E-03
+42.0000E-06,-1.0937500000E+00
+42.1000E-06,-1.3242187500E+00
+42.2000E-06,-1.5351562500E+00
+42.3000E-06,-1.7304687500E+00
+42.4000E-06,-1.9296875000E+00
+42.5000E-06,-2.1289062500E+00
+42.6000E-06,-2.3476562500E+00
+42.7000E-06,-2.5546875000E+00
+42.8000E-06,-2.7500000000E+00
+42.9000E-06,-2.9257812500E+00
+43.0000E-06,-3.0859375000E+00
+43.1000E-06,-3.2617187500E+00
+43.2000E-06,-3.4375000000E+00
+43.3000E-06,-3.6132812500E+00
+43.4000E-06,-3.7695312500E+00
+43.5000E-06,-3.9296875000E+00
+43.6000E-06,-4.0781250000E+00
+43.7000E-06,-4.2226562500E+00
+43.8000E-06,-4.3632812500E+00
+43.9000E-06,-4.4882812500E+00
+44.0000E-06,-4.6093750000E+00
+44.1000E-06,-4.7343750000E+00
+44.2000E-06,-4.8359375000E+00
+44.3000E-06,-4.9257812500E+00
+44.4000E-06,-5.0078125000E+00
+44.5000E-06,-5.0742187500E+00
+44.6000E-06,-5.1484375000E+00
+44.7000E-06,-5.2148437500E+00
+44.8000E-06,-5.2656250000E+00
+44.9000E-06,-5.3203125000E+00
+45.0000E-06,-5.3554687500E+00
+45.1000E-06,-5.3828125000E+00
+45.2000E-06,-5.3984375000E+00
+45.3000E-06,-5.4023437500E+00
+45.4000E-06,-5.3945312500E+00
+45.5000E-06,-5.3789062500E+00
+45.6000E-06,-5.3593750000E+00
+45.7000E-06,-5.3242187500E+00
+45.8000E-06,-5.2851562500E+00
+45.9000E-06,-5.2421875000E+00
+46.0000E-06,-5.1796875000E+00
+46.1000E-06,-5.1015625000E+00
+46.2000E-06,-5.0273437500E+00
+46.3000E-06,-4.9453125000E+00
+46.4000E-06,-4.8437500000E+00
+46.5000E-06,-4.7382812500E+00
+46.6000E-06,-4.6171875000E+00
+46.7000E-06,-4.5000000000E+00
+46.8000E-06,-4.3593750000E+00
+46.9000E-06,-4.2109375000E+00
+47.0000E-06,-4.0703125000E+00
+47.1000E-06,-3.9140625000E+00
+47.2000E-06,-3.7265625000E+00
+47.3000E-06,-3.5546875000E+00
+47.4000E-06,-3.3984375000E+00
+47.5000E-06,-3.2265625000E+00
+47.6000E-06,-3.0312500000E+00
+47.7000E-06,-2.8125000000E+00
+47.8000E-06,-2.6093750000E+00
+47.9000E-06,-2.4062500000E+00
+48.0000E-06,-2.2070312500E+00
+48.1000E-06,-1.9882812500E+00
+48.2000E-06,-1.7617187500E+00
+48.3000E-06,-1.5156250000E+00
+48.4000E-06,-1.2812500000E+00
+48.5000E-06,-1.0507812500E+00
+48.6000E-06,-828.1250000E-03
+48.7000E-06,-593.7500000E-03
+48.8000E-06,-359.3750000E-03
+48.9000E-06,-128.9062500E-03
+49.0000E-06,+97.6562500E-03
+49.1000E-06,+343.7500000E-03
+49.2000E-06,+589.8437500E-03
+49.3000E-06,+820.3125000E-03
+49.4000E-06,+1.0664062500E+00
+49.5000E-06,+1.2968750000E+00
+49.6000E-06,+1.5078125000E+00
+49.7000E-06,+1.7304687500E+00
+49.8000E-06,+1.9687500000E+00
+49.9000E-06,
x-axis,MATH
Hertz,dBV
-3.00E+03,
-2.00E+03,
-1.00E+03,
+0E+00,-12.50000E+00
+1.00E+03,-12.57813E+00
+2.00E+03,-12.69531E+00
+3.00E+03,-12.89063E+00
+4.00E+03,-13.08594E+00
+5.00E+03,-13.35938E+00
+6.00E+03,-13.71094E+00
+7.00E+03,-14.17969E+00
+8.00E+03,-14.68750E+00
+9.00E+03,-15.23438E+00
+10.00E+03,-15.89844E+00
+11.00E+03,-16.60156E+00
+12.00E+03,-17.38281E+00
+13.00E+03,-18.28125E+00
+14.00E+03,-19.21875E+00
+15.00E+03,-20.23438E+00
+16.00E+03,-21.32813E+00
+17.00E+03,-22.50000E+00
+18.00E+03,-23.78906E+00
+19.00E+03,-25.15625E+00
+20.00E+03,-26.60156E+00
+21.00E+03,-28.12500E+00
+22.00E+03,-29.76563E+00
+23.00E+03,-31.60156E+00
+24.00E+03,-33.55469E+00
+25.00E+03,-36.56250E+00
+26.00E+03,-39.80469E+00
+27.00E+03,-42.65625E+00
+28.00E+03,-45.07813E+00
+29.00E+03,-47.07031E+00
+30.00E+03,-46.83594E+00
+31.00E+03,-45.27344E+00
+32.00E+03,-43.08594E+00
+33.00E+03,-40.27344E+00
+34.00E+03,-36.83594E+00
+35.00E+03,-33.39844E+00
+36.00E+03,-30.03906E+00
+37.00E+03,-26.67969E+00
+38.00E+03,-23.32031E+00
+39.00E+03,-19.96094E+00
+40.00E+03,-17.30469E+00
+41.00E+03,-14.84375E+00
+42.00E+03,-12.53906E+00
+43.00E+03,-10.46875E+00
+44.00E+03,-8.51563E+00
+45.00E+03,-6.64063E+00
+46.00E+03,-4.88281E+00
+47.00E+03,-3.24219E+00
+48.00E+03,-1.71875E+00
+49.00E+03,-312.50E-03
+50.00E+03,+1.05469E+00
+51.00E+03,+2.26563E+00
+52.00E+03,+3.43750E+00
+53.00E+03,+4.49219E+00
+54.00E+03,+5.50781E+00
+55.00E+03,+6.40625E+00
+56.00E+03,+7.22656E+00
+57.00E+03,+7.96875E+00
+58.00E+03,+8.67188E+00
+59.00E+03,+9.29688E+00
+60.00E+03,+9.84375E+00
+61.00E+03,+10.31250E+00
+62.00E+03,+10.70313E+00
+63.00E+03,+11.01563E+00
+64.00E+03,+11.28906E+00
+65.00E+03,+11.52344E+00
+66.00E+03,+11.64063E+00
+67.00E+03,+11.71875E+00
+68.00E+03,+11.71875E+00
+69.00E+03,+11.64063E+00
+70.00E+03,+11.52344E+00
+71.00E+03,+11.32813E+00
+72.00E+03,+11.05469E+00
+73.00E+03,+10.74219E+00
+74.00E+03,+10.31250E+00
+75.00E+03,+9.84375E+00
+76.00E+03,+9.33594E+00
+77.00E+03,+8.71094E+00
+78.00E+03,+8.04688E+00
+79.00E+03,+7.30469E+00
+80.00E+03,+6.48438E+00
+81.00E+03,+5.54688E+00
+82.00E+03,+4.57031E+00
+83.00E+03,+3.51563E+00
+84.00E+03,+2.38281E+00
+85.00E+03,+1.13281E+00
+86.00E+03,-195.31E-03
+87.00E+03,-1.64063E+00
+88.00E+03,-3.16406E+00
+89.00E+03,-4.76563E+00
+90.00E+03,-6.52344E+00
+91.00E+03,-8.39844E+00
+92.00E+03,-10.39063E+00
+93.00E+03,-12.46094E+00
+94.00E+03,-14.64844E+00
+95.00E+03,-17.07031E+00
+96.00E+03,-19.76563E+00
+97.00E+03,-22.69531E+00
+98.00E+03,-26.56250E+00
+99.00E+03,-31.17188E+00
+100.00E+03,-35.58594E+00
+101.00E+03,-39.80469E+00
+102.00E+03,-43.78906E+00
+103.00E+03,-46.56250E+00
+104.00E+03,-47.92969E+00
+105.00E+03,-48.63281E+00
+106.00E+03,-48.71094E+00
+107.00E+03,-48.16406E+00
+108.00E+03,-46.79688E+00
+109.00E+03,-45.07813E+00
+110.00E+03,-43.12500E+00
+111.00E+03,-40.97656E+00
+112.00E+03,-38.63281E+00
+113.00E+03,-36.75781E+00
+114.00E+03,-35.11719E+00
+115.00E+03,-33.55469E+00
+116.00E+03,-32.10938E+00
+117.00E+03,-30.74219E+00
+118.00E+03,-29.41406E+00
+119.00E+03,-28.20313E+00
+120.00E+03,-27.10938E+00
+121.00E+03,-26.05469E+00
+122.00E+03,-25.07813E+00
+123.00E+03,-24.17969E+00
+124.00E+03,-23.39844E+00
+125.00E+03,-22.65625E+00
+126.00E+03,-22.03125E+00
+127.00E+03,-21.44531E+00
+128.00E+03,-20.93750E+00
+129.00E+03,-20.50781E+00
+130.00E+03,-20.11719E+00
+131.00E+03,-19.80469E+00
+132.00E+03,-19.57031E+00
+133.00E+03,-19.41406E+00
+134.00E+03,-19.29688E+00
+135.00E+03,-19.25781E+00
+136.00E+03,-19.29688E+00
+137.00E+03,-19.37500E+00
+138.00E+03,-19.53125E+00
+139.00E+03,-19.76563E+00
+140.00E+03,-20.07813E+00
+141.00E+03,-20.42969E+00
+142.00E+03,-20.85938E+00
+143.00E+03,-21.36719E+00
+144.00E+03,-21.95313E+00
+145.00E+03,-22.57813E+00
+146.00E+03,-23.32031E+00
+147.00E+03,-24.10156E+00
+148.00E+03,-24.96094E+00
+149.00E+03,-25.89844E+00
+150.00E+03,-26.95313E+00
+151.00E+03,-28.04688E+00
+152.00E+03,-29.25781E+00
+153.00E+03,-30.58594E+00
+154.00E+03,-31.99219E+00
+155.00E+03,-33.47656E+00
+156.00E+03,-35.11719E+00
+157.00E+03,-36.79688E+00
+158.00E+03,-38.63281E+00
+159.00E+03,-40.58594E+00
+160.00E+03,-42.73438E+00
+161.00E+03,-45.03906E+00
+162.00E+03,-47.42188E+00
+163.00E+03,-50.07813E+00
+164.00E+03,-53.04688E+00
+165.00E+03,-56.28906E+00
+166.00E+03,-60.19531E+00
+167.00E+03,-66.32813E+00
+168.00E+03,-71.75781E+00
+169.00E+03,-76.44531E+00
+170.00E+03,-80.39063E+00
+171.00E+03,-82.30469E+00
+172.00E+03,-79.25781E+00
+173.00E+03,-75.54688E+00
+174.00E+03,-71.17188E+00
+175.00E+03,-66.09375E+00
+176.00E+03,-61.64063E+00
+177.00E+03,-59.45313E+00
+178.00E+03,-57.53906E+00
+179.00E+03,-55.89844E+00
+180.00E+03,-54.45313E+00
+181.00E+03,-52.92969E+00
+182.00E+03,-51.17188E+00
+183.00E+03,-49.45313E+00
+184.00E+03,-47.81250E+00
+185.00E+03,-46.25000E+00
+186.00E+03,-44.88281E+00
+187.00E+03,-43.71094E+00
+188.00E+03,-42.65625E+00
+189.00E+03,-41.71875E+00
+190.00E+03,-40.85938E+00
+191.00E+03,-40.00000E+00
+192.00E+03,-39.17969E+00
+193.00E+03,-38.47656E+00
+194.00E+03,-37.81250E+00
+195.00E+03,-37.22656E+00
+196.00E+03,-36.75781E+00
+197.00E+03,-36.36719E+00
+198.00E+03,-36.05469E+00
+199.00E+03,-35.82031E+00
+200.00E+03,-35.66406E+00
+201.00E+03,-35.50781E+00
+202.00E+03,-35.42969E+00
+203.00E+03,-35.42969E+00
+204.00E+03,-35.46875E+00
+205.00E+03,-35.58594E+00
+206.00E+03,-35.74219E+00
+207.00E+03,-36.01563E+00
+208.00E+03,-36.32813E+00
+209.00E+03,-36.71875E+00
+210.00E+03,-37.18750E+00
+211.00E+03,-37.73438E+00
+212.00E+03,-38.35938E+00
+213.00E+03,-39.06250E+00
+214.00E+03,-39.80469E+00
+215.00E+03,-40.62500E+00
+216.00E+03,-41.52344E+00
+217.00E+03,-42.50000E+00
+218.00E+03,-43.59375E+00
+219.00E+03,-44.76563E+00
+220.00E+03,-46.09375E+00
+221.00E+03,-47.61719E+00
+222.00E+03,-49.17969E+00
+223.00E+03,-50.74219E+00
+224.00E+03,-52.38281E+00
+225.00E+03,-53.98438E+00
+226.00E+03,-55.50781E+00
+227.00E+03,-56.99219E+00
+228.00E+03,-58.39844E+00
+229.00E+03,-59.76563E+00
+230.00E+03,-61.05469E+00
+231.00E+03,-62.22656E+00
+232.00E+03,-63.24219E+00
+233.00E+03,-64.14063E+00
+234.00E+03,-64.92188E+00
+235.00E+03,-65.39063E+00
+236.00E+03,-65.70313E+00
+237.00E+03,-65.89844E+00
+238.00E+03,-66.05469E+00
+239.00E+03,-66.13281E+00
+240.00E+03,-66.28906E+00
+241.00E+03,-66.48438E+00
+242.00E+03,-66.71875E+00
+243.00E+03,-66.95313E+00
+244.00E+03,-67.30469E+00
+245.00E+03,-68.20313E+00
+246.00E+03,-68.86719E+00
+247.00E+03,-69.33594E+00
+248.00E+03,-69.57031E+00
+249.00E+03,-69.37500E+00
+250.00E+03,-67.81250E+00
+251.00E+03,-66.09375E+00
+252.00E+03,-64.14063E+00
+253.00E+03,-62.07031E+00
+254.00E+03,-60.00000E+00
+255.00E+03,-58.55469E+00
+256.00E+03,-57.18750E+00
+257.00E+03,-55.97656E+00
+258.00E+03,-54.84375E+00
+259.00E+03,-53.86719E+00
+260.00E+03,-53.00781E+00
+261.00E+03,-52.22656E+00
+262.00E+03,-51.52344E+00
+263.00E+03,-50.93750E+00
+264.00E+03,-50.42969E+00
+265.00E+03,-49.96094E+00
+266.00E+03,-49.57031E+00
+267.00E+03,-49.25781E+00
+268.00E+03,-49.02344E+00
+269.00E+03,-48.82813E+00
+270.00E+03,-48.67188E+00
+271.00E+03,-48.59375E+00
+272.00E+03,-48.63281E+00
+273.00E+03,-48.71094E+00
+274.00E+03,-48.86719E+00
+275.00E+03,-49.14063E+00
+276.00E+03,-49.45313E+00
+277.00E+03,-49.88281E+00
+278.00E+03,-50.35156E+00
+279.00E+03,-50.82031E+00
+280.00E+03,-51.36719E+00
+281.00E+03,-51.99219E+00
+282.00E+03,-52.65625E+00
+283.00E+03,-53.43750E+00
+284.00E+03,-54.33594E+00
+285.00E+03,-55.31250E+00
+286.00E+03,-56.28906E+00
+287.00E+03,-57.30469E+00
+288.00E+03,-58.32031E+00
+289.00E+03,-59.17969E+00
+290.00E+03,-60.07813E+00
+291.00E+03,-60.97656E+00
+292.00E+03,-61.87500E+00
+293.00E+03,-62.85156E+00
+294.00E+03,-63.94531E+00
+295.00E+03,-65.00000E+00
+296.00E+03,-66.01563E+00
+297.00E+03,-66.99219E+00
+298.00E+03,-67.92969E+00
+299.00E+03,-68.63281E+00
+300.00E+03,-69.25781E+00
+301.00E+03,-69.72656E+00
+302.00E+03,-70.07813E+00
+303.00E+03,-70.15625E+00
+304.00E+03,-70.03906E+00
+305.00E+03,-69.80469E+00
+306.00E+03,-69.49219E+00
+307.00E+03,-69.06250E+00
+308.00E+03,-68.67188E+00
+309.00E+03,-68.35938E+00
+310.00E+03,-67.96875E+00
+311.00E+03,-67.57813E+00
+312.00E+03,-67.10938E+00
+313.00E+03,-66.56250E+00
+314.00E+03,-65.89844E+00
+315.00E+03,-65.23438E+00
+316.00E+03,-64.53125E+00
+317.00E+03,-63.78906E+00
+318.00E+03,-63.12500E+00
+319.00E+03,-62.42188E+00
+320.00E+03,-61.67969E+00
+321.00E+03,-60.89844E+00
+322.00E+03,-60.03906E+00
+323.00E+03,-58.94531E+00
+324.00E+03,-57.85156E+00
+325.00E+03,-56.75781E+00
+326.00E+03,-55.66406E+00
+327.00E+03,-54.60938E+00
+328.00E+03,-53.75000E+00
+329.00E+03,-52.96875E+00
+330.00E+03,-52.26563E+00
+331.00E+03,-51.60156E+00
+332.00E+03,-51.01563E+00
+333.00E+03,-50.46875E+00
+334.00E+03,-50.00000E+00
+335.00E+03,-49.60938E+00
+336.00E+03,-49.29688E+00
+337.00E+03,-49.14063E+00
+338.00E+03,-49.17969E+00
+339.00E+03,-49.25781E+00
+340.00E+03,-49.45313E+00
+341.00E+03,-49.72656E+00
+342.00E+03,-50.00000E+00
+343.00E+03,-50.27344E+00
+344.00E+03,-50.62500E+00
+345.00E+03,-51.09375E+00
+346.00E+03,-51.64063E+00
+347.00E+03,-52.42188E+00
+348.00E+03,-53.39844E+00
+349.00E+03,-54.45313E+00
+350.00E+03,-55.54688E+00
+351.00E+03,-56.71875E+00
+352.00E+03,-57.73438E+00
+353.00E+03,-58.67188E+00
+354.00E+03,-59.60938E+00
+355.00E+03,-60.54688E+00
+356.00E+03,-61.44531E+00
+357.00E+03,-62.46094E+00
+358.00E+03,-63.43750E+00
+359.00E+03,-64.33594E+00
+360.00E+03,-65.15625E+00
+361.00E+03,-65.89844E+00
+362.00E+03,-66.01563E+00
+363.00E+03,-66.13281E+00
+364.00E+03,-66.32813E+00
+365.00E+03,-66.52344E+00
+366.00E+03,-66.87500E+00
+367.00E+03,-67.92969E+00
+368.00E+03,-69.10156E+00
+369.00E+03,-70.39063E+00
+370.00E+03,-71.75781E+00
+371.00E+03,-73.28125E+00
+372.00E+03,-74.92188E+00
+373.00E+03,-76.28906E+00
+374.00E+03,-77.30469E+00
+375.00E+03,-78.00781E+00
+376.00E+03,-77.92969E+00
+377.00E+03,-76.56250E+00
+378.00E+03,-74.96094E+00
+379.00E+03,-73.16406E+00
+380.00E+03,-71.17188E+00
+381.00E+03,-69.37500E+00
+382.00E+03,-68.20313E+00
+383.00E+03,-67.22656E+00
+384.00E+03,-66.40625E+00
+385.00E+03,-65.82031E+00
+386.00E+03,-65.70313E+00
+387.00E+03,-65.89844E+00
+388.00E+03,-66.09375E+00
+389.00E+03,-66.28906E+00
+390.00E+03,-66.48438E+00
+391.00E+03,-66.09375E+00
+392.00E+03,-65.35156E+00
+393.00E+03,-64.57031E+00
+394.00E+03,-63.78906E+00
+395.00E+03,-62.96875E+00
+396.00E+03,-62.73438E+00
+397.00E+03,-62.61719E+00
+398.00E+03,-62.57813E+00
+399.00E+03,-62.57813E+00
+400.00E+03,-62.61719E+00
+401.00E+03,-62.30469E+00
+402.00E+03,-61.99219E+00
+403.00E+03,-61.71875E+00
+404.00E+03,-61.44531E+00
+405.00E+03,-61.17188E+00
+406.00E+03,-61.17188E+00
+407.00E+03,-61.17188E+00
+408.00E+03,-61.25000E+00
+409.00E+03,-61.40625E+00
+410.00E+03,-61.56250E+00
+411.00E+03,-61.60156E+00
+412.00E+03,-61.71875E+00
+413.00E+03,-61.91406E+00
+414.00E+03,-62.18750E+00
+415.00E+03,-62.57813E+00
+416.00E+03,-63.16406E+00
+417.00E+03,-63.86719E+00
+418.00E+03,-64.68750E+00
+419.00E+03,-65.66406E+00
+420.00E+03,-66.75781E+00
+421.00E+03,-67.96875E+00
+422.00E+03,-69.25781E+00
+423.00E+03,-70.58594E+00
+424.00E+03,-71.99219E+00
+425.00E+03,-73.67188E+00
+426.00E+03,-75.35156E+00
+427.00E+03,-76.83594E+00
+428.00E+03,-78.08594E+00
+429.00E+03,-79.17969E+00
+430.00E+03,-79.21875E+00
+431.00E+03,-78.71094E+00
+432.00E+03,-78.08594E+00
+433.00E+03,-77.42188E+00
+434.00E+03,-76.67969E+00
+435.00E+03,-77.22656E+00
+436.00E+03,-78.08594E+00
+437.00E+03,-78.78906E+00
+438.00E+03,-79.37500E+00
+439.00E+03,-79.84375E+00
+440.00E+03,-78.39844E+00
+441.00E+03,-76.64063E+00
+442.00E+03,-74.80469E+00
+443.00E+03,-72.89063E+00
+444.00E+03,-70.93750E+00
+445.00E+03,-70.46875E+00
+446.00E+03,-70.19531E+00
+447.00E+03,-70.07813E+00
+448.00E+03,-70.11719E+00
+449.00E+03,-70.27344E+00
+450.00E+03,-70.11719E+00
+451.00E+03,-69.92188E+00
+452.00E+03,-69.64844E+00
+453.00E+03,-69.33594E+00
+454.00E+03,-68.94531E+00
+455.00E+03,-68.35938E+00
+456.00E+03,-67.73438E+00
+457.00E+03,-67.14844E+00
+458.00E+03,-66.48438E+00
+459.00E+03,-65.89844E+00
+460.00E+03,-65.39063E+00
+461.00E+03,-64.92188E+00
+462.00E+03,-64.49219E+00
+463.00E+03,-64.10156E+00
+464.00E+03,-63.67188E+00
+465.00E+03,-63.28125E+00
+466.00E+03,-62.89063E+00
+467.00E+03,-62.53906E+00
+468.00E+03,-62.18750E+00
+469.00E+03,-61.75781E+00
+470.00E+03,-61.36719E+00
+471.00E+03,-61.09375E+00
+472.00E+03,-60.89844E+00
+473.00E+03,-60.78125E+00
+474.00E+03,-60.93750E+00
+475.00E+03,-61.28906E+00
+476.00E+03,-61.75781E+00
+477.00E+03,-62.38281E+00
+478.00E+03,-63.08594E+00
+479.00E+03,-63.75000E+00
+480.00E+03,-64.49219E+00
+481.00E+03,-65.35156E+00
+482.00E+03,-66.32813E+00
+483.00E+03,-67.42188E+00
+484.00E+03,-69.21875E+00
+485.00E+03,-70.93750E+00
+486.00E+03,-72.53906E+00
+487.00E+03,-74.02344E+00
+488.00E+03,-75.31250E+00
+489.00E+03,-75.66406E+00
+490.00E+03,-75.70313E+00
+491.00E+03,-75.50781E+00
+492.00E+03,-75.00000E+00
+493.00E+03,-74.21875E+00
+494.00E+03,-73.12500E+00
+495.00E+03,-72.07031E+00
+496.00E+03,-70.97656E+00
+497.00E+03,-69.88281E+00
+498.00E+03,-68.98438E+00
+499.00E+03,-68.59375E+00
+500.00E+03,-68.28125E+00
+501.00E+03,-68.08594E+00
+502.00E+03,-68.00781E+00
+503.00E+03,-67.92969E+00
+504.00E+03,-67.77344E+00
+505.00E+03,-67.69531E+00
+506.00E+03,-67.61719E+00
+507.00E+03,-67.57813E+00
+508.00E+03,-67.42188E+00
+509.00E+03,-67.26563E+00
+510.00E+03,-67.22656E+00
+511.00E+03,-67.30469E+00
+512.00E+03,-67.46094E+00
+513.00E+03,-68.16406E+00
+514.00E+03,-69.06250E+00
+515.00E+03,-69.92188E+00
+516.00E+03,-70.85938E+00
+517.00E+03,-71.79688E+00
+518.00E+03,-72.07031E+00
+519.00E+03,-72.22656E+00
+520.00E+03,-72.38281E+00
+521.00E+03,-72.57813E+00
+522.00E+03,-72.77344E+00
+523.00E+03,-74.06250E+00
+524.00E+03,-75.23438E+00
+525.00E+03,-76.25000E+00
+526.00E+03,-77.10938E+00
+527.00E+03,-77.69531E+00
+528.00E+03,-76.67969E+00
+529.00E+03,-75.46875E+00
+530.00E+03,-74.06250E+00
+531.00E+03,-72.46094E+00
+532.00E+03,-70.85938E+00
+533.00E+03,-69.96094E+00
+534.00E+03,-69.10156E+00
+535.00E+03,-68.35938E+00
+536.00E+03,-67.69531E+00
+537.00E+03,-66.99219E+00
+538.00E+03,-66.21094E+00
+539.00E+03,-65.54688E+00
+540.00E+03,-65.03906E+00
+541.00E+03,-64.68750E+00
+542.00E+03,-64.64844E+00
+543.00E+03,-65.03906E+00
+544.00E+03,-65.66406E+00
+545.00E+03,-66.40625E+00
+546.00E+03,-67.38281E+00
+547.00E+03,-68.71094E+00
+548.00E+03,-70.15625E+00
+549.00E+03,-71.44531E+00
+550.00E+03,-72.57813E+00
+551.00E+03,-73.59375E+00
+552.00E+03,-73.71094E+00
+553.00E+03,-73.28125E+00
+554.00E+03,-72.65625E+00
+555.00E+03,-71.79688E+00
+556.00E+03,-70.70313E+00
+557.00E+03,-69.60938E+00
+558.00E+03,-68.63281E+00
+559.00E+03,-67.69531E+00
+560.00E+03,-66.83594E+00
+561.00E+03,-66.05469E+00
+562.00E+03,-65.82031E+00
+563.00E+03,-65.70313E+00
+564.00E+03,-65.62500E+00
+565.00E+03,-65.66406E+00
+566.00E+03,-65.70313E+00
+567.00E+03,-65.54688E+00
+568.00E+03,-65.35156E+00
+569.00E+03,-65.11719E+00
+570.00E+03,-64.92188E+00
+571.00E+03,-64.64844E+00
+572.00E+03,-64.37500E+00
+573.00E+03,-64.14063E+00
+574.00E+03,-63.94531E+00
+575.00E+03,-63.71094E+00
+576.00E+03,-63.55469E+00
+577.00E+03,-63.51563E+00
+578.00E+03,-63.47656E+00
+579.00E+03,-63.43750E+00
+580.00E+03,-63.35938E+00
+581.00E+03,-63.20313E+00
+582.00E+03,-63.00781E+00
+583.00E+03,-62.69531E+00
+584.00E+03,-62.30469E+00
+585.00E+03,-61.83594E+00
+586.00E+03,-61.17188E+00
+587.00E+03,-60.35156E+00
+588.00E+03,-59.49219E+00
+589.00E+03,-58.59375E+00
+590.00E+03,-57.65625E+00
+591.00E+03,-56.79688E+00
+592.00E+03,-55.97656E+00
+593.00E+03,-55.23438E+00
+594.00E+03,-54.45313E+00
+595.00E+03,-53.75000E+00
+596.00E+03,-52.96875E+00
+597.00E+03,-52.22656E+00
+598.00E+03,-51.52344E+00
+599.00E+03,-50.85938E+00
+600.00E+03,-50.27344E+00
+601.00E+03,-49.84375E+00
+602.00E+03,-49.49219E+00
+603.00E+03,-49.17969E+00
+604.00E+03,-48.98438E+00
+605.00E+03,-48.82813E+00
+606.00E+03,-48.59375E+00
+607.00E+03,-48.43750E+00
+608.00E+03,-48.39844E+00
+609.00E+03,-48.39844E+00
+610.00E+03,-48.51563E+00
+611.00E+03,-48.82813E+00
+612.00E+03,-49.25781E+00
+613.00E+03,-49.76563E+00
+614.00E+03,-50.31250E+00
+615.00E+03,-50.93750E+00
+616.00E+03,-51.52344E+00
+617.00E+03,-52.18750E+00
+618.00E+03,-52.92969E+00
+619.00E+03,-53.71094E+00
+620.00E+03,-54.64844E+00
+621.00E+03,-55.70313E+00
+622.00E+03,-56.83594E+00
+623.00E+03,-58.00781E+00
+624.00E+03,-59.21875E+00
+625.00E+03,-60.39063E+00
+626.00E+03,-61.48438E+00
+627.00E+03,-62.61719E+00
+628.00E+03,-63.71094E+00
+629.00E+03,-64.84375E+00
+630.00E+03,-66.21094E+00
+631.00E+03,-67.57813E+00
+632.00E+03,-68.82813E+00
+633.00E+03,-70.00000E+00
+634.00E+03,-71.01563E+00
+635.00E+03,-71.52344E+00
+636.00E+03,-71.71875E+00
+637.00E+03,-71.79688E+00
+638.00E+03,-71.67969E+00
+639.00E+03,-71.36719E+00
+640.00E+03,-71.17188E+00
+641.00E+03,-70.85938E+00
+642.00E+03,-70.54688E+00
+643.00E+03,-70.11719E+00
+644.00E+03,-69.68750E+00
+645.00E+03,-69.06250E+00
+646.00E+03,-68.47656E+00
+647.00E+03,-67.89063E+00
+648.00E+03,-67.30469E+00
+649.00E+03,-66.75781E+00
+650.00E+03,-66.52344E+00
+651.00E+03,-66.25000E+00
+652.00E+03,-66.05469E+00
+653.00E+03,-65.89844E+00
+654.00E+03,-65.74219E+00
+655.00E+03,-65.54688E+00
+656.00E+03,-65.31250E+00
+657.00E+03,-65.03906E+00
+658.00E+03,-64.68750E+00
+659.00E+03,-64.17969E+00
+660.00E+03,-63.43750E+00
+661.00E+03,-62.69531E+00
+662.00E+03,-61.95313E+00
+663.00E+03,-61.21094E+00
+664.00E+03,-60.66406E+00
+665.00E+03,-60.31250E+00
+666.00E+03,-60.03906E+00
+667.00E+03,-59.80469E+00
+668.00E+03,-59.60938E+00
+669.00E+03,-59.37500E+00
+670.00E+03,-59.06250E+00
+671.00E+03,-58.78906E+00
+672.00E+03,-58.59375E+00
+673.00E+03,-58.39844E+00
+674.00E+03,-58.39844E+00
+675.00E+03,-58.47656E+00
+676.00E+03,-58.63281E+00
+677.00E+03,-58.82813E+00
+678.00E+03,-59.10156E+00
+679.00E+03,-59.37500E+00
+680.00E+03,-59.72656E+00
+681.00E+03,-60.07813E+00
+682.00E+03,-60.50781E+00
+683.00E+03,-61.01563E+00
+684.00E+03,-61.52344E+00
+685.00E+03,-62.14844E+00
+686.00E+03,-62.85156E+00
+687.00E+03,-63.71094E+00
+688.00E+03,-64.72656E+00
+689.00E+03,-66.25000E+00
+690.00E+03,-67.81250E+00
+691.00E+03,-69.37500E+00
+692.00E+03,-70.97656E+00
+693.00E+03,-72.53906E+00
+694.00E+03,-73.86719E+00
+695.00E+03,-74.92188E+00
+696.00E+03,-75.70313E+00
+697.00E+03,-76.17188E+00
+698.00E+03,-76.01563E+00
+699.00E+03,-74.92188E+00
+700.00E+03,-73.71094E+00
+701.00E+03,-72.46094E+00
+702.00E+03,-71.09375E+00
+703.00E+03,-70.23438E+00
+704.00E+03,-70.19531E+00
+705.00E+03,-70.19531E+00
+706.00E+03,-70.27344E+00
+707.00E+03,-70.42969E+00
+708.00E+03,-70.15625E+00
+709.00E+03,-69.60938E+00
+710.00E+03,-69.10156E+00
+711.00E+03,-68.67188E+00
+712.00E+03,-68.32031E+00
+713.00E+03,-68.86719E+00
+714.00E+03,-69.76563E+00
+715.00E+03,-70.58594E+00
+716.00E+03,-71.32813E+00
+717.00E+03,-71.99219E+00
+718.00E+03,-71.52344E+00
+719.00E+03,-70.62500E+00
+720.00E+03,-69.45313E+00
+721.00E+03,-68.08594E+00
+722.00E+03,-66.52344E+00
+723.00E+03,-65.15625E+00
+724.00E+03,-63.82813E+00
+725.00E+03,-62.53906E+00
+726.00E+03,-61.25000E+00
+727.00E+03,-60.00000E+00
+728.00E+03,-58.86719E+00
+729.00E+03,-57.77344E+00
+730.00E+03,-56.75781E+00
+731.00E+03,-55.82031E+00
+732.00E+03,-54.92188E+00
+733.00E+03,-54.02344E+00
+734.00E+03,-53.20313E+00
+735.00E+03,-52.50000E+00
+736.00E+03,-51.87500E+00
+737.00E+03,-51.32813E+00
+738.00E+03,-50.97656E+00
+739.00E+03,-50.74219E+00
+740.00E+03,-50.58594E+00
+741.00E+03,-50.50781E+00
+742.00E+03,-50.50781E+00
+743.00E+03,-50.54688E+00
+744.00E+03,-50.66406E+00
+745.00E+03,-50.85938E+00
+746.00E+03,-51.13281E+00
+747.00E+03,-51.44531E+00
+748.00E+03,-51.87500E+00
+749.00E+03,-52.34375E+00
+750.00E+03,-52.92969E+00
+751.00E+03,-53.59375E+00
+752.00E+03,-54.29688E+00
+753.00E+03,-55.07813E+00
+754.00E+03,-56.05469E+00
+755.00E+03,-57.14844E+00
+756.00E+03,-58.43750E+00
+757.00E+03,-60.42969E+00
+758.00E+03,-62.53906E+00
+759.00E+03,-64.64844E+00
+760.00E+03,-66.71875E+00
+761.00E+03,-68.78906E+00
+762.00E+03,-70.19531E+00
+763.00E+03,-71.25000E+00
+764.00E+03,-72.03125E+00
+765.00E+03,-72.50000E+00
+766.00E+03,-72.69531E+00
+767.00E+03,-72.10938E+00
+768.00E+03,-71.48438E+00
+769.00E+03,-70.78125E+00
+770.00E+03,-70.03906E+00
+771.00E+03,-69.29688E+00
+772.00E+03,-69.14063E+00
+773.00E+03,-69.17969E+00
+774.00E+03,-69.41406E+00
+775.00E+03,-69.88281E+00
+776.00E+03,-70.62500E+00
+777.00E+03,-71.87500E+00
+778.00E+03,-73.12500E+00
+779.00E+03,-74.45313E+00
+780.00E+03,-75.78125E+00
+781.00E+03,-77.03125E+00
+782.00E+03,-77.85156E+00
+783.00E+03,-78.55469E+00
+784.00E+03,-79.14063E+00
+785.00E+03,-79.60938E+00
+786.00E+03,-80.15625E+00
+787.00E+03,-80.66406E+00
+788.00E+03,-80.82031E+00
+789.00E+03,-80.66406E+00
+790.00E+03,-80.19531E+00
+791.00E+03,-78.51563E+00
+792.00E+03,-76.13281E+00
+793.00E+03,-73.63281E+00
+794.00E+03,-70.97656E+00
+795.00E+03,-68.16406E+00
+796.00E+03,-66.01563E+00
+797.00E+03,-64.37500E+00
+798.00E+03,-62.92969E+00
+799.00E+03,-61.64063E+00
+800.00E+03,-60.58594E+00
+801.00E+03,-59.72656E+00
+802.00E+03,-58.98438E+00
+803.00E+03,-58.35938E+00
+804.00E+03,-57.85156E+00
+805.00E+03,-57.46094E+00
+806.00E+03,-57.03125E+00
+807.00E+03,-56.67969E+00
+808.00E+03,-56.36719E+00
+809.00E+03,-56.17188E+00
+810.00E+03,-56.01563E+00
+811.00E+03,-56.01563E+00
+812.00E+03,-56.05469E+00
+813.00E+03,-56.17188E+00
+814.00E+03,-56.36719E+00
+815.00E+03,-56.60156E+00
+816.00E+03,-56.79688E+00
+817.00E+03,-57.10938E+00
+818.00E+03,-57.50000E+00
+819.00E+03,-58.00781E+00
+820.00E+03,-58.63281E+00
+821.00E+03,-59.45313E+00
+822.00E+03,-60.39063E+00
+823.00E+03,-61.48438E+00
+824.00E+03,-62.69531E+00
+825.00E+03,-64.14063E+00
+826.00E+03,-65.74219E+00
+827.00E+03,-67.38281E+00
+828.00E+03,-69.10156E+00
+829.00E+03,-70.85938E+00
+830.00E+03,-72.65625E+00
+831.00E+03,-74.37500E+00
+832.00E+03,-75.93750E+00
+833.00E+03,-77.42188E+00
+834.00E+03,-78.75000E+00
+835.00E+03,-79.76563E+00
+836.00E+03,-80.50781E+00
+837.00E+03,-81.05469E+00
+838.00E+03,-81.44531E+00
+839.00E+03,-81.67969E+00
+840.00E+03,-81.56250E+00
+841.00E+03,-81.40625E+00
+842.00E+03,-81.28906E+00
+843.00E+03,-81.17188E+00
+844.00E+03,-81.09375E+00
+845.00E+03,-82.10938E+00
+846.00E+03,-83.00781E+00
+847.00E+03,-83.75000E+00
+848.00E+03,-84.33594E+00
+849.00E+03,-84.60938E+00
+850.00E+03,-83.16406E+00
+851.00E+03,-81.56250E+00
+852.00E+03,-79.80469E+00
+853.00E+03,-77.92969E+00
+854.00E+03,-76.09375E+00
+855.00E+03,-75.27344E+00
+856.00E+03,-74.53125E+00
+857.00E+03,-73.86719E+00
+858.00E+03,-73.28125E+00
+859.00E+03,-72.61719E+00
+860.00E+03,-71.60156E+00
+861.00E+03,-70.58594E+00
+862.00E+03,-69.57031E+00
+863.00E+03,-68.55469E+00
+864.00E+03,-67.50000E+00
+865.00E+03,-66.56250E+00
+866.00E+03,-65.66406E+00
+867.00E+03,-64.88281E+00
+868.00E+03,-64.10156E+00
+869.00E+03,-63.47656E+00
+870.00E+03,-63.00781E+00
+871.00E+03,-62.61719E+00
+872.00E+03,-62.26563E+00
+873.00E+03,-62.03125E+00
+874.00E+03,-61.75781E+00
+875.00E+03,-61.56250E+00
+876.00E+03,-61.44531E+00
+877.00E+03,-61.32813E+00
+878.00E+03,-61.32813E+00
+879.00E+03,-61.44531E+00
+880.00E+03,-61.60156E+00
+881.00E+03,-61.83594E+00
+882.00E+03,-62.03125E+00
+883.00E+03,-62.30469E+00
+884.00E+03,-62.38281E+00
+885.00E+03,-62.46094E+00
+886.00E+03,-62.57813E+00
+887.00E+03,-62.77344E+00
+888.00E+03,-63.00781E+00
+889.00E+03,-63.55469E+00
+890.00E+03,-64.17969E+00
+891.00E+03,-64.80469E+00
+892.00E+03,-65.54688E+00
+893.00E+03,-66.25000E+00
+894.00E+03,-66.75781E+00
+895.00E+03,-67.34375E+00
+896.00E+03,-68.00781E+00
+897.00E+03,-68.67188E+00
+898.00E+03,-69.49219E+00
+899.00E+03,-70.50781E+00
+900.00E+03,-71.64063E+00
+901.00E+03,-72.89063E+00
+902.00E+03,-74.25781E+00
+903.00E+03,-75.97656E+00
+904.00E+03,-77.96875E+00
+905.00E+03,-79.76563E+00
+906.00E+03,-81.44531E+00
+907.00E+03,-82.96875E+00
+908.00E+03,-83.82813E+00
+909.00E+03,-83.94531E+00
+910.00E+03,-83.78906E+00
+911.00E+03,-83.35938E+00
+912.00E+03,-82.65625E+00
+913.00E+03,-81.75781E+00
+914.00E+03,-80.82031E+00
+915.00E+03,-79.92188E+00
+916.00E+03,-78.98438E+00
+917.00E+03,-78.04688E+00
+918.00E+03,-77.46094E+00
+919.00E+03,-77.03125E+00
+920.00E+03,-76.64063E+00
+921.00E+03,-76.32813E+00
+922.00E+03,-76.05469E+00
+923.00E+03,-75.82031E+00
+924.00E+03,-75.46875E+00
+925.00E+03,-75.00000E+00
+926.00E+03,-74.37500E+00
+927.00E+03,-73.63281E+00
+928.00E+03,-72.07031E+00
+929.00E+03,-70.46875E+00
+930.00E+03,-68.86719E+00
+931.00E+03,-67.26563E+00
+932.00E+03,-65.74219E+00
+933.00E+03,-64.96094E+00
+934.00E+03,-64.29688E+00
+935.00E+03,-63.71094E+00
+936.00E+03,-63.24219E+00
+937.00E+03,-62.73438E+00
+938.00E+03,-62.07031E+00
+939.00E+03,-61.44531E+00
+940.00E+03,-60.85938E+00
+941.00E+03,-60.35156E+00
+942.00E+03,-59.96094E+00
+943.00E+03,-59.80469E+00
+944.00E+03,-59.72656E+00
+945.00E+03,-59.76563E+00
+946.00E+03,-59.88281E+00
+947.00E+03,-60.00000E+00
+948.00E+03,-60.15625E+00
+949.00E+03,-60.42969E+00
+950.00E+03,-60.74219E+00
+951.00E+03,-61.21094E+00
+952.00E+03,-61.83594E+00
+953.00E+03,-62.65625E+00
+954.00E+03,-63.51563E+00
+955.00E+03,-64.49219E+00
+956.00E+03,-65.46875E+00
+957.00E+03,-66.44531E+00
+958.00E+03,-67.38281E+00
+959.00E+03,-68.39844E+00
+960.00E+03,-69.41406E+00
+961.00E+03,-70.42969E+00
+962.00E+03,-71.87500E+00
+963.00E+03,-73.20313E+00
+964.00E+03,-74.45313E+00
+965.00E+03,-75.54688E+00
+966.00E+03,-76.52344E+00
+967.00E+03,-76.71875E+00
+968.00E+03,-76.67969E+00
+969.00E+03,-76.48438E+00
+970.00E+03,-76.05469E+00
+971.00E+03,-75.50781E+00
+972.00E+03,-75.07813E+00
+973.00E+03,-74.57031E+00
+974.00E+03,-73.98438E+00
+975.00E+03,-73.35938E+00
+976.00E+03,-72.61719E+00
+977.00E+03,-71.71875E+00
+978.00E+03,-70.89844E+00
+979.00E+03,-70.07813E+00
+980.00E+03,-69.29688E+00
+981.00E+03,-68.63281E+00
+982.00E+03,-68.28125E+00
+983.00E+03,-67.92969E+00
+984.00E+03,-67.61719E+00
+985.00E+03,-67.34375E+00
+986.00E+03,-66.95313E+00
+987.00E+03,-66.44531E+00
+988.00E+03,-65.89844E+00
+989.00E+03,-65.39063E+00
+990.00E+03,-64.88281E+00
+991.00E+03,-64.41406E+00
+992.00E+03,-64.06250E+00
+993.00E+03,-63.75000E+00
+994.00E+03,-63.47656E+00
+995.00E+03,-63.24219E+00
+996.00E+03,
